id,website,social_media_links,meta_title,meta_description,payment_gateways,tech_stack,website_language,category
1,https://www.booking.com/index.html?aid=1743217,[],"
Booking.com | Official site | The best hotels, flights, car rentals & accommodations 
","Explore the world with Booking.com. Big savings on homes, hotels, flights, car rentals, taxis, and attractions – build your perfect trip on any budget.",[],"["jQuery", "D3.js", "React"]",en-us,portfolio
2,https://travelsites.com/expedia/,"["https://www.linkedin.com/in/david-jones-b3316617a/", "https://www.facebook.com/travelsitescom", "https://twitter.com/travelsitescom", "https://www.instagram.com/travelsitescom/", "https://www.youtube.com/channel/UCEE5fziH6zPXwsbjSlv-mhg", "https://www.facebook.com/travelsitescom", "https://twitter.com/travelsitescom", "https://www.instagram.com/travelsitescom/", "https://www.linkedin.com/in/david-jones-b3316617a/", "https://www.youtube.com/channel/UCEE5fziH6zPXwsbjSlv-mhg"]","Expedia & 29+ HOTEL BOOKING SITES Like expedia.com","Expedia.com is one of the most popular and well-known names in the online travel booking industry for good reason. The site is well-designed, the app is amazing, and the brand is reliable and widely trusted. But is Expedia the booking site with the best deals on the web? Come and read my review of Expedia today to find out!",[],"["jQuery"]",en-US,adult
3,https://travelsites.com/tripadvisor/,"["https://www.linkedin.com/in/david-jones-b3316617a/", "https://www.facebook.com/travelsitescom", "https://twitter.com/travelsitescom", "https://www.instagram.com/travelsitescom/", "https://www.youtube.com/channel/UCEE5fziH6zPXwsbjSlv-mhg", "https://www.facebook.com/travelsitescom", "https://twitter.com/travelsitescom", "https://www.instagram.com/travelsitescom/", "https://www.linkedin.com/in/david-jones-b3316617a/", "https://www.youtube.com/channel/UCEE5fziH6zPXwsbjSlv-mhg"]","TripAdvisor & 29+ HOTEL BOOKING SITES Like tripadvisor.com","TripAdvisor is one of the most widely used hotel booking sites in the world, and for good reason. With thousands of hotels, resorts, and home shares available in an easy-to-use interface, this is definitely a site all travelers should be familiar with. Add to that the fact that the site has a robust community of user reviewers, and you have the makings for one of the most useful booking sites on the planet. Come check out my review of Trip Advisor today to learn more!",[],"["jQuery"]",en-US,adult
4,https://www.momondo.in/?ispredir=true,[],"Cheap Flights: Compare Flights & Flight Tickets | momondo","momondo searches hundreds of other travel sites at once to get you the information you need to make the right decisions.",[],[],en-in,adult
5,https://www.ebookers.com/?AFFCID=EBOOKERS-UK.network.affiliatewindow.85386&awc=7904_1606029543_518c2af76500871f76cadec26f8eb055,[],"Bot or Not?",,[],"["D3.js", "Progressive Web App", "Progressive Web App", "Progressive Web App", "Progressive Web App", "Progressive Web App", "Progressive Web App", "Progressive Web App", "Progressive Web App"]",Unknown,news
6,https://book.priceline.com/?refid=8431&refclickid=d196c1c3cad4c6e474196ac6815f9652,[],"Access to this page has been denied.",,[],[],en,adult
7,https://www.trip.com/index?locale=en_us&allianceid=21934&SID=455408&ouid=198c18a52c8911eb811b00ce0a18050d,"["https://www.facebook.com/Trip/"]","Trip.com Official Site‎‎ | Travel Deals and Promotions","Choose from over 1.2 million hotels in more than 200 countries, 30 million real guest reviews. Book flights to over 5,000 destinations worldwide. 24/7 Customer Service.",[],[],en-US,portfolio
8,https://www.orbitz.com/,[],"Bot or Not?",,[],"["Progressive Web App", "Progressive Web App", "Progressive Web App", "Progressive Web App", "Progressive Web App", "Progressive Web App", "Progressive Web App", "Progressive Web App"]",Unknown,news
9,https://www.travelocity.com/,[],"Bot or Not?",,[],"["Progressive Web App", "Progressive Web App", "Progressive Web App", "Progressive Web App", "Progressive Web App", "Progressive Web App", "Progressive Web App", "Progressive Web App"]",Unknown,news
10,https://www.hotwire.com/,[],"Cheap Hotels, Cars, & Flights | Last Minute Travel Deals | Hotwire","Find the best deals on the cheapest hotels, cars & flights with Hotwire. Save up to 60% on hotels and rent cars from $8.99 / day in your favorite destinations.",[],[],en-us,news
11,https://www.otel.com/,[],"No title",,[],[],Unknown,Unknown
12,https://www.ebookers.com/?AFFCID=EBOOKERS-UK.network.affiliatewindow.85386&awc=7904_1606041576_a3c281bcb3eae0af35b22b076d1074ae,[],"Bot or Not?",,[],"["D3.js", "Progressive Web App", "Progressive Web App", "Progressive Web App", "Progressive Web App", "Progressive Web App", "Progressive Web App", "Progressive Web App", "Progressive Web App"]",Unknown,news
13,https://www.airbnb.co.in/?locale=en&_set_bev_on_new_domain=1606041642_YjI0OGQ3OWI5MDI2,"["https://www.facebook.com/AirbnbIndia", "https://twitter.com/airbnb_in", "https://instagram.com/airbnb", "https://www.facebook.com/AirbnbIndia", "https://twitter.com/airbnb_in", "https://instagram.com/airbnb"]","Airbnb | Holiday rentals, cabins, beach houses & more","Get an Airbnb for every kind of trip → 7 million holiday rentals → 2 million Guest Favourites → 220+ countries and regions worldwide",[],[],en-IN,"streaming services"
14,https://in.lastminute.com/,[],"Just a moment...",,[],[],en-US,blog
15,https://www.onthebeach.co.uk/?Adnetwork=aw&afid=85386&mv_pc=AW&awc=3655_1606041657_3771582e5a1d8da6c1b3321d83f9f0c4&utm_source=AWIN&utm_medium=affiliates&utm_campaign=85386,[],onthebeach.co.uk,,[],[],Unknown,blog
16,https://www.kayak.co.in/?ispredir=true,[],"Search Flights, Hotels & Rental Cars | KAYAK","KAYAK searches hundreds of other travel sites at once to find the information you need to make the right decisions on flights, hotels & car hires.",[],[],en-in,adult
17,https://www.marriott.com/default.mi?aff=MARWW&affname=10l1110&co=WW&nt=PH,"["https://www.facebook.com/groups/marriottbonvoyinsiders/", "https://www.facebook.com/groups/marriottbonvoyinsiders/", "https://www.linkedin.com/in/anthony-capuano-a68390bb/", "https://www.facebook.com/marriottbonvoy", "https://www.instagram.com/marriottbonvoy/", "https://twitter.com/marriottbonvoy", "https://www.linkedin.com/company/marriott-international", "https://www.youtube.com/marriott"]","Marriott Bonvoy Hotels | Book Directly & Get Exclusive Rates","Book Directly & Save at any of our 8000+ Marriott Bonvoy Hotels. Choose from Luxury Hotels, Resorts, Extended Stay Hotels, Pet-Friendly Hotels & More.",[],"["Next.js", "D3.js", "Next.js", "Next.js", "Webpack", "Next.js", "Next.js", "Next.js", "Next.js", "Next.js", "Next.js", "Next.js", "Next.js", "Next.js"]",en-US,portfolio
18,https://www.hoteltonight.com/,"["https://www.instagram.com/hoteltonight", "https://www.facebook.com/hoteltonight", "https://www.twitter.com/hoteltonight", "https://www.linkedin.com/company/1458830/"]","Last Minute Hotel Deals at Great Hotels - HotelTonight","Amazing last-minute deals at top-rated hotels. Book tonight, tomorrow and beyond.",[],"["React", "D3.js"]",en,adult
19,https://hoteltravelclub.com/,[],"403 Forbidden",,[],[],Unknown,"computer and technology"
20,https://www.wyndhamhotels.com/en-uk/ramada,"["https://www.facebook.com/ramada", "http://twitter.com/ramadaworldwide"]","Ramada Hotels | Book Hotel Rooms, Discount Rates, and Deals","Ramada hotels offers best available rates, breakfast and free wifi. Book today and save with Wyndham Rewards, the award-winning hotel rewards program.",[],"["jQuery", "Bootstrap"]",en_GB,"social networking and messaging"
21,https://westin.marriott.com/,[],"403 Forbidden",,[],[],Unknown,"computer and technology"
22,https://www.capellahotels.com/en/capella-ubud,[],"Just a moment...",,[],[],en-US,blog
23,https://fogoislandinn.ca/,"["https://www.facebook.com/FogoIslandInn/", "https://www.instagram.com/fogoislandinn/", "https://www.linkedin.com/company/fogo-island-inn", "https://www.youtube.com/channel/UC4vK8MVK15nyU9MS_nGcVRA", "https://www.facebook.com/FogoIslandInn/", "https://www.instagram.com/fogoislandinn/", "https://www.linkedin.com/company/fogo-island-inn", "https://www.youtube.com/channel/UC4vK8MVK15nyU9MS_nGcVRA", "https://www.facebook.com/GrowlersIceCream/"]","Find yourself at one of the four corners of the Earth : Fogo Island Inn",,[],"["jQuery", "jQuery", "jQuery", "jQuery", "jQuery", "jQuery"]",en-US,adult
24,https://www.ritzcarlton.com/en/hotels/indonesia/bali#Hotel,"["https://www.facebook.com/ritzcarltonbali", "https://www.twitter.com/ritzcarltonbali/", "https://www.instagram.com/ritzcarltonbali/"]","5-Star Hotel in Bali | The Ritz-Carlton, Bali","Every detail of The Ritz-Carlton, Bali experience is inspired by the beauty and allure of the ocean. ",[],"["jQuery"]",en,"law and government"
25,https://secretbay.dm/,[],"403 Forbidden",,[],[],Unknown,"computer and technology"
26,https://canaves.com/canaves-oia-epitome/,[],"503 Service Unavailable",,[],[],Unknown,news
27,https://www.sunsetkeycottages.com/,"["https://www.instagram.com/sunsetkeykw/", "https://www.facebook.com/sunsetkeycottages", "https://www.instagram.com/p/C8VFZTRqqYu/", "https://www.instagram.com/p/C8NQILXq1G8/", "https://www.instagram.com/p/C8H_pyhK-0p/", "https://www.instagram.com/p/C74VOOmq_7V/", "https://www.instagram.com/p/C7w0etTqLPI/", "https://www.instagram.com/reel/C7udgvSCQGE/", "https://www.instagram.com/sunsetkeykw/?hl=en", "https://www.facebook.com/sunsetkeycottages/", "https://www.instagram.com/sunsetkeykw/?hl=en", "https://www.facebook.com/sunsetkeycottages/"]","Sunset Key Cottages | Luxury Private Island in the Florida Keys","Sunset Key Cottages is a private island resort minutes off of Key West with 40 guest cottages, an award-winning restaurant, and luxury spa.",[],"["jQuery"]",en-US,"social networking and messaging"
28,https://www.twinfarms.com/,[],"403 Forbidden",,[],[],Unknown,"computer and technology"
29,https://www.pueblobonito.com/resorts/emerald-bay,"["https://www.instagram.com/pueblobonito/", "https://www.instagram.com/pueblobonito/", "https://www.instagram.com/pueblobonito/", "https://www.instagram.com/pueblobonito/", "https://www.instagram.com/pueblobonito/", "https://www.facebook.com/PuebloBonitoResort", "https://twitter.com/PuebloBonito", "https://www.instagram.com/pueblobonito/", "https://www.youtube.com/user/PuebloBonitoHotel"]","Pueblo Bonito Emerald Bay | Official Site","The only AAA Four-Diamond resort in Mazatlán, Pueblo Bonito Emerald Bay is an elegant jewel set on 20 acres overlooking the Pacific Ocean. ",[],"["jQuery", "Vue.js"]",en,portfolio
30,https://nihi.com/,"["https://www.facebook.com/NIHIhotels", "https://www.youtube.com/channel/UCcUWg0O_SlkPKlF0nhqb_Ng", "https://www.instagram.com/nihi/"]","Home - NIHI Sumba | The World's Best Hotel by T+L for Two Consecutive Years","Edge Of Wildness™
                    Made in Indonesia
                    This is not an escape from everyday life. It is the return to a life well lived. Where rugged luxury…",[],"["jQuery", "Bootstrap"]",en,"social networking and messaging"
31,https://www.viceroyhotelsandresorts.com/los-cabos,"["https://www.instagram.com/viceroyloscabos", "https://www.facebook.com/ViceroyLosCabos/", "https://www.linkedin.com/company/viceroy-hotel-group/"]","Los Cabos Luxury Resort | Viceroy Los Cabos Mexico Resort","On the Sea of Cortez in Baja California, a modern dreamscape promises anything but the predictable. Discover our Los Cabos luxury resort in San Jose Del Cabo.",[],[],en-US,"law and government"
32,https://www.mandarinoriental.com/munich/altstadt/luxury-hotel,"["https://www.facebook.com/mandarinorientalmunich", "https://www.twitter.com/mo_munich", "https://instagram.com/mo_munich", "https://www.youtube.com/MOHotels?feature=watch"]"," Luxury 5 Star Hotel | Altstadt | Mandarin Oriental, Munich ","Experience our 5 Star hotel in central Munich near Marienplatz, offering luxurious rooms and suites, fine dining, private spa, meeting and wedding facilities.",[],[],en,portfolio
33,https://northblockhotel.com/,[],"403 Forbidden",,[],[],Unknown,"computer and technology"
34,https://www.milestonehotel.com/?cjevent=4ec1f2f92cc511eb834e01140a180510,"["https://www.facebook.com/milestonehotel", "https://twitter.com/milestonehotel", "https://www.instagram.com/milestone_hotel/", "https://www.youtube.com/user/RedCarnationHotels"]","The Milestone Hotel & Residences, Five-Star Boutique Hotel, Kensington, London","The Milestone Hotel is a five-star boutique hotel that puts you in the heart of Kensington, London. Book direct for special offers. ",[],"["jQuery", "jQuery", "jQuery", "Nuxt.js", "Nuxt.js", "Nuxt.js", "Nuxt.js", "Nuxt.js", "Nuxt.js", "Nuxt.js", "Nuxt.js", "Nuxt.js", "Nuxt.js", "Nuxt.js", "Nuxt.js", "Nuxt.js", "Nuxt.js", "Nuxt.js", "Nuxt.js", "Nuxt.js"]",en,"computer and technology"
35,https://www.rockhouse.com/,"["https://www.instagram.com/rockhousehotel/", "https://www.facebook.com/rockhouse.hotel/", "https://www.instagram.com/rockhousehotel/", "https://www.linkedin.com/in/tonia-roganti/"]","Rockhouse Hotel & Spa","Discover Our Award-Winning Luxury Boutique Hotel, Nestled On The Volcanic Cliffs Of Negril, Jamaica’s Pristine Cove On The Island’s West End.",[],"["D3.js", "Next.js", "Webpack", "Next.js", "Next.js", "Next.js", "Next.js", "Next.js", "Next.js", "Next.js", "Next.js", "Next.js", "Next.js", "Next.js", "Next.js", "Next.js", "Next.js", "D3.js", "Next.js", "Next.js", "Next.js", "Next.js", "Next.js", "Next.js", "Next.js", "Next.js", "Next.js"]",en,"social networking and messaging"
36,https://www.affordabletours.com/,[],"Just a moment...",,[],[],en-US,blog
37,https://www.totallyspain.com/,"["https://www.youtube.com/watch?v=aEsGji3I5gI", "https://www.facebook.com/TotallySpainTravel/", "https://twitter.com/TotallySpain/", "https://es.linkedin.com/company/totally-spain", "https://www.youtube.com/watch?v=6RzTZR9-7Wo", "https://www.instagram.com/totallyspain/"]","Spain & Portugal Travel Agent: Customised Tours | Totally Spain","Savvy and reputable Spain & Portugal Travel company. Custom Private Tours & Vacation Specialists since 2000. Travel Smoothly. Travel Privately.",[],"["jQuery", "Bootstrap", "jQuery", "jQuery", "jQuery", "jQuery", "jQuery", "jQuery"]",en,adult
38,https://dreamworldtravel.co.uk/,[],"Just Deploy It! -",,[],[],en-US,blog
39,https://njewasafaris.com/,"["https://www.facebook.com/Njewa-safaris-Nairobi-kenya-249312748443779/"]","Njewa Safari, Tours & Travel. Car Rental Services in Tanzania","Njewa Safari, Tours & Travel makes it easy to rent a car in Tanzania . With our affordable rates on luxury and economy cars, make the most out of your Tanzania travels.",[],"["jQuery", "jQuery", "jQuery", "jQuery", "jQuery", "jQuery", "jQuery"]",en-US,portfolio
40,https://www.nepalspiritualtrekking.com/,"["https://www.facebook.com/spiritualnepal/", "https://twitter.com/SpirituallyNepa", "http://www.linkedin.com/company/nepal-spiritual-trekking-p-ltd?trk=hb_tab_compy_id_2810672", "https://www.facebook.com/spiritualnepal/", "https://twitter.com/SpirituallyNepa", "http://www.linkedin.com/company/nepal-spiritual-trekking-p-ltd?trk=hb_tab_compy_id_2810672"]","Nepal Spiritual Trekking -Everest, Annapurna Base Camp Trek",">Nepal spiritual trekking is a best trek agency in Nepal specialized on Nepal tour, Everest, Annapurna base camp yoga treks.",[],"["jQuery", "Bootstrap"]",en,"social networking and messaging"
41,https://www.aandftour.com//,[],"Just a moment...",,[],[],en-US,blog
42,https://inkaexperience.com/,"["https://www.facebook.com/inkaexperience", "https://www.instagram.com/inkaexperience/", "https://www.facebook.com/inkaexperience", "https://www.instagram.com/inkaexperience/"]","Inka Experience » Perú Travel Agency","Inka Experience offers custom Peru tours & personalized travel advice for your Peru adventure.  Cusco - Inka Trail - Amazon - Lake Titicaca - Boutique Travel .US Toll - Free 1-800-260-4681",[],"["jQuery"]",es,blog
43,http://www.peru-travels.com/,[],"403 Forbidden",,[],[],Unknown,adult
44,https://www.shiptoshoretravelltd.com/,"["https://www.facebook.com/torontointernetxchange/", "https://www.instagram.com/torontointernetxchange/", "https://www.facebook.com/torontointernetxchange/", "https://www.instagram.com/torontointernetxchange/", "https://www.facebook.com/torontointernetxchange/", "https://www.instagram.com/torontointernetxchange/"]","Womens Clothing On Sale,Free Shipping On Women's Clothing On Sale","First order extra 15% OFF & free standard shipping over $60 order! The more you buy, the more discount you can enjoy.What are you waiting for?,Don't miss your chance to shop women's clothing at the best prices of the year.",[],"["Shopify", "Shopify", "Shopify", "Shopify", "jQuery", "Shopify", "Shopify"]",en,"social networking and messaging"
45,https://www.hnltravel.com/index.html,[],NULL,,[],"["jQuery", "Bootstrap"]",en,news
46,https://islanddreamsworldtravel.com/,[],"403 Forbidden",,[],[],Unknown,"computer and technology"
47,https://www.discovermongolia.mn/,"["https://www.facebook.com/groups/travelinmongolia", "https://www.facebook.com/DiscoverMongoliaTravel/", "https://www.instagram.com/discovermongoliatravel/", "https://www.linkedin.com/company/discover-mongolia-travel/", "https://www.youtube.com/channel/UC3R1DANU5IPjRc1glL8Xryg", "https://twitter.com/discovermongl?lang=en"]"," Mongolia travel | Travel to Mongolia - Discover Mongolia Travel","Explore the beauty and serenity of Mongolia with the leading travel company Discover Mongolia Travel. Choose your date, group or create one on your own. ",[],"["jQuery", "jQuery", "Bootstrap", "jQuery"]",en,adult
48,https://www.turansa.com/,"["//www.facebook.com/TuransaTravelGuatemala", "//twitter.com/turansa_tours", "//www.youtube.com/user/turansatours"]","Guatemala Tours & Travel Services - Turansa","Guatemala Travel Specialists for Group Tours & Individual Travelers since 1989. Offering Tailor Made Tours, Private Bus Rentals & Shuttle Services.",[],[],en,"social networking and messaging"
49,https://albatros-travel.com/,[],"Albatros Travel | Quality travel since 1986","Bringing Scandinavian quality to adventures around the world since 1986, Albatros Travel Group is a family-owned travel company with a global wingspan.",[],"["jQuery", "jQuery"]",en,portfolio
50,http://www.kenyadreamholidays.com/,"["https://facebook.com/kenyadreamholidays", "https://www.instagram.com/kenyadreamholidays", "https://twitter.com/kenyadreamholid", "https://ke.linkedin.com/in/cate-mburu-9a94115a"]","Kenya Dream Holidays",,[],[],en,"streaming services"
51,https://fts-travels.com/,"["https://www.facebook.com/LeisureTravelEgypt", "https://twitter.com/ftstravels", "https://www.instagram.com/fts.travels/", "https://www.youtube.com/channel/UCIvoyol63UJKvQTMRuIn4YA?view_as=subscriber"]","
	Egypt Tours | Cheap Holidays to Egypt | Luxury Egypt Holidays - FTS
","FTS travels offers cheap & luxury all-inclusive holiday packages to Egypt. In addition to a wide range of day tours, shore excursions to all Egypt sightseeing.",[],"["jQuery", "jQuery", "jQuery", "jQuery", "Bootstrap"]",en,"streaming services"
52,http://www.aimadventures.com/,[],"Aim Adventures:  Welcome . . . . . . . . . . . . . . . . . . . . . . . . . . . . . . . . . . . . . . . . . . . . . . . . . . . . . . . . . . . . . . . . . . . . . . . . . . . . . . . . . . . . . . . . . . . . . . . . . . . . . . . . . . . . . . . . . . . . . . . . . . . . . . . . . . . . . . . . . . . . .",,[],[],Unknown,sports
53,https://www.nbitravel.com/,[],"403 Forbidden",,[],[],Unknown,"computer and technology"
54,http://www.justcruisinplus.com/,"["https://www.facebook.com/justcruisinplus/"]","Home - Just Cruisin' Plus","Just Cruisin' Plus is a full service travel counselor and consultant focused on vacations and specializing in cruises and tours.  Whether you travel alone or in a group of 10 or 1,000, Just Cruisin' Plus has been exceeding expectations for 27 years since it was founded in 1981.  The best in service costs no more and will save you the hassle of finding all the information needed to make a decision that you can let a counselor at Just Cruisin' Plus.  We have true professional travel staff to be sure your most precious non-renewable resource, your leisure time, is not taken with conducting research.  Learn all you need to know before, during, and after planning and taking that next vacation.  We have been taking the time to learn about YOU and what YOU want since 1981.",[],"["jQuery", "Bootstrap"]",Unknown,"social networking and messaging"
55,https://www.dwwatsontravel.com/,[],"403 Forbidden",,[],[],Unknown,"computer and technology"
56,http://essentialdownunder.com/,[],"Essential DownUnder Travel | Australia, New Zealand & South Pacific","Experience what you see! Don’t just dash from place to place. We’ve designed hundreds of trips, from ten days to nine months long.",[],"["jQuery", "jQuery", "WordPress"]",en-US,"streaming services"
57,https://www.phuket-trips.com/,[],"Phuket Tours Phuket Travel Agency - Package Excursions in Phuket","Lowest Prices on all Phuket Tours, Phuket Travel, Phuket Day Tour Package and Excursions. TripAdvisor Certificate of Excellence by Authorized Travel Agency.We might not be the best Phuket Travel Agency but we work hard to be in future.",[],[],Unknown,portfolio
58,http://www.golfholidaysintl.com/,"["https://twitter.com/#!/GolfHolidaysInt", "https://www.facebook.com/people/Golf-Holidays/1076195897", "https://www.facebook.com/golfzoo/"]",NULL,,[],"["jQuery"]",Unknown,adult
59,http://www.zentravel.gr/,"["https://twitter.com/ZenTravel15"]","Home - ZenTravel","Manage your schedule efficiently! 

The most important rule a businessman has to follow nowadays, is management of his schedule with efficiency. Time is money!

ZenTravel business travel experts are dedicated to make your trip as much enjoyable and luxurious it can get, but also a time efficient experience. Business Travel    

Explore Greece",[],"["jQuery", "jQuery", "Bootstrap", "Bootstrap", "jQuery", "jQuery", "jQuery", "jQuery", "jQuery", "jQuery", "jQuery", "jQuery", "jQuery", "jQuery", "jQuery", "Bootstrap"]",en-US,news
60,https://circuitosturquia.com/,"["https://www.facebook.com/circuitosturquia", "https://www.youtube.com/watch?v=ozeWYXT3lV8", "https://www.instagram.com/prideviajes/", "https://www.facebook.com/circuitosturquia", "https://www.youtube.com/watch?v=ozeWYXT3lV8", "https://www.instagram.com/prideviajes/"]","Viajes a Turquía | Tours-Circuitos Turquía en Español 2024-2025","Circuitos por Turquía en español. Descubra lo Mejor del país con Viajes a Turquía. Circuitos guiados y paquetes turísticos Turquía 2024",[],"["jQuery", "jQuery", "jQuery", "jQuery", "Backbone.js", "Webpack", "Webpack", "jQuery"]",es,portfolio
61,http://www.jjbtravel.com/,[],"JJBargains Travel - Your Professional Travel Consultants","Lowest fare ,  Philippine vacation , online travel , Specialized in Philippine , Asian , South America , European travel .",[],[],Unknown,portfolio
62,https://www.ethiousatour.com/,[],nba买球官方网站-NBA中国官方网站,nba买球官方网站-NBA中国官方网站（牢记发财域名：818988c.com）电科技是一家以工程机械监控系统、自动化仪表及低压电器成套、专用智能控制仪的产品研发、生产营销、技术推广及服务为一体的高新技术企业。企业以技术为先导，注重高新技术的开发和应用，注重培养核心竞争力，拥有自主知识产权，企业致力于运用信息技术改造传统产业，企业产品被评为名牌产品。,[],"["jQuery", "jQuery", "jQuery", "jQuery"]",Unknown,blog
63,https://agavetravelcreative.com/,"["https://www.linkedin.com/in/agavetravelcreative/", "http://www.facebook.com/AgaveTravelCreative/", "https://www.instagram.com/agave_travel_creative/", "https://www.linkedin.com/in/agavetravelcreative/", "http://www.facebook.com/AgaveTravelCreative/", "https://www.instagram.com/agave_travel_creative/"]","Agave Travel Creative | Sicily Travel Specialist","Agave Travel Creative, Sicily Travel Specialist, Sicily Cultural Concierge, Luxury Sicily Travel Specialist, Personalized Sicily Tour Programs, Food and Wine Tours in Sicily, Cultural and Culinary Tours in Sicily, Outdoor Adventures in Sicily, Local Life and Slow Travel in Sicily 
",[],"["D3.js", "D3.js", "D3.js"]",en-US,blog
64,https://www.oberoihotels.com/hotels-in-jaipur-rajvilas-resort/?utm_source=affred&utm_medium=aff&utm_campaign=gbl-affmkt&_affclk=ttuk:118609::0::118609::143859c9f626eb0724f38065d097d658::::1606071865:902jip,"["https://www.facebook.com/OberoiHotels", "https://www.twitter.com/oberoihotels/", "https://www.instagram.com/oberoihotels/", "https://www.youtube.com/user/OberoiHotels", "https://www.facebook.com/theoberoirajvilas/", "https://twitter.com/oberoirajvilas", "https://www.instagram.com/theoberoirajvilas/", "https://www.facebook.com/OberoiHotels", "https://www.twitter.com/oberoihotels/", "https://www.instagram.com/oberoihotels/", "https://www.youtube.com/user/OberoiHotels"]","5 Star Resort In Jaipur | Luxury Hotel In Jaipur | The Oberoi Rajvilas, Jaipur","Explore authentic Rajasthan with a luxury stay at The Oberoi Rajvilas, a 5 star hotel in Jaipur just 30 mins drive from the Airport. For Bookings, call us at 011-23904473",[],"["jQuery"]",en,"computer and technology"
65,https://www.jumeirah.com/en/stay/dubai/burj-al-arab-jumeirah,"["https://www.facebook.com/Jumeirah", "https://www.instagram.com/jumeirah/?hl=en", "https://twitter.com/jumeirah", "https://www.youtube.com/@Jumeirah", "https://www.linkedin.com/company/jumeirah/"]","Jumeirah Burj Al Arab | Dubai’s Most Iconic Hotel | Jumeirah","Welcome to Jumeirah Burj Al Arab, Dubai’s most iconic hotel and a global icon of Arabian luxury. Explore the jewel of Jumeirah and enjoy its private beach, world-class dining, and exceptional service.",[],[],en,"health and fitness"
66,https://tierrahotels.com/patagonia/,"["https://www.facebook.com/TierraHotels", "https://www.instagram.com/tierrahotels/", "https://www.youtube.com/user/TierraHotels"]","Page not found - Tierra Hotels",,[],"["jQuery", "jQuery", "jQuery", "Bootstrap", "jQuery", "jQuery", "jQuery", "jQuery", "jQuery", "jQuery"]",en-AU,"social networking and messaging"
67,https://www.hotelcaferoyal.com/,"["https://www.facebook.com/HotelCafeRoyal", "https://www.instagram.com/hotelcaferoyal/", "https://www.linkedin.com/company/cafe-royal/"]","Luxury 5-Star Hotel London | Hotel Café Royal","Experience the finest hotel in London, immersing yourself in contemporary luxury and timeless elegance, right in the heart of the West End",[],[],en-US,portfolio
68,https://www.ritzparis.com/en-GB,"["https://instagram.com/ritzparis", "https://facebook.com/ritzparis", "https://fr.linkedin.com/company/ritz-paris", "https://youtube.com/@theritzparis"]","Ritz Paris | A legendary hotel","Embark on a unique journey at the Ritz Paris: an experience offering luxury rooms and suites, refined gastronomy, an exceptional spa, a cooking school and much more. Book your stay today and discover the magical world of the Ritz Paris.",[],"["Next.js", "Next.js", "Next.js", "Next.js", "Webpack", "Next.js", "Next.js", "Next.js", "Next.js", "Next.js", "Next.js", "Next.js", "Next.js", "Next.js", "Next.js", "Next.js", "Next.js", "Next.js", "Next.js", "Next.js", "Next.js", "Next.js", "Next.js", "Next.js", "Next.js", "Next.js", "Next.js"]",en,food
69,https://www.thehousecollective.com/en/the-middle-house/,"["https://www.instagram.com/p/C7_WvfUuLSD/", "https://www.instagram.com/p/C7-WwymPVE9/", "https://www.instagram.com/p/C78_tviRCVM/", "https://www.instagram.com/p/C78_A_FxgJh/", "https://www.instagram.com/p/C7ldI_HuOoZ/", "https://www.instagram.com/p/C7gXNMDu55m/", "https://www.facebook.com/themiddlehouse/", "https://www.instagram.com/themiddlehouse/"]","The Middle House | Artistic hotel in Dazhongli Shanghai | The House Collective","Welcome to our House of Fashion. The Middle House is an intimate urban hotel in central Shanghai with a sense of style, eclectic art collection and amazing food .",[],"["jQuery", "jQuery", "Bootstrap", "jQuery", "jQuery", "jQuery", "D3.js"]",en,"social networking and messaging"
70,https://www.grandhoteltremezzo.com/en/home/,"["https://instagram.com/ghtlakecomo/", "https://www.facebook.com/GHTlakecomo"]","
        Grand Hotel Tremezzo: luxury 5 star hotel on Lake Como, Italy  
    ","THE OFFICIAL SITE. The Grand Hotel Tremezzo, luxury 5 star hotel has a panoramic view of Lake Como. It also offers a spa and a very fine restaurant for a pleasant stay.",[],[],en,forums
71,https://www.waldorfastorialoscabospedregal.com/,"["https://www.instagram.com/reel/C8A2YrzouMR/", "https://www.instagram.com/reel/C7-Om1qycuM/", "https://www.instagram.com/p/C7xSNdWOdvF/", "https://www.instagram.com/reel/C7hseZXu2uV/", "https://www.instagram.com/wapedregal/", "https://www.facebook.com/WAPedregal/", "https://www.youtube.com/channel/UC2zjdnw0yQ8ZKbQXnwb6OUQ", "https://twitter.com/wapedregal"]","Waldorf Astoria Los Cabos Pedregal: Los Cabos Luxury Resort","Waldorf Astoria Los Cabos Pedregal celebrates the heritage of Mexican culture & cuisine, nestled between the cliffside & the brilliant blue Pacific Ocean.",[],"["jQuery", "jQuery", "jQuery", "jQuery"]",en-US,"streaming services"
72,https://www.andbeyond.com/our-lodges/africa/south-africa/kruger-national-park/ngala-private-game-reserve/andbeyond-ngala-safari-lodge/,"["https://www.facebook.com/andBeyondTravel", "https://twitter.com/andBeyondTravel", "https://www.instagram.com/andbeyondtravel/", "https://www.youtube.com/channel/UCq8oWxMYECKiPWAtvr9u1eg"]","andBeyond Ngala Safari Lodge | Kruger | Big Five | South Africa","Enjoy nostalgic safari charm at this family-friendly lodge, which offers Big Five game viewing on the border of the Kruger National Park. WILDchild children’s programme.",[],"["jQuery"]",en-ZA,"computer and technology"
73,https://novotel.accor.com/gb/usa/index.shtml,"["https://www.instagram.com/novotelhotels", "https://www.facebook.com/Novotelhotels", "https://www.instagram.com/novotelhotels/", "https://www.youtube.com/c/novotel", "https://www.linkedin.com/company/novotel-hotels/"]","Book a hotel for a family holiday or business trip | Novotel  ","Novotel Hotels - Book a Novotel hotel: meeting rooms for your business trip and large family rooms to share with your kids.",[],"["D3.js", "Vue.js", "D3.js"]",en,portfolio
74,https://www.delta.com/apac/en,[],"Access Denied",,[],[],Unknown,"computer and technology"
75,https://www.spicejet.com/,[],"SpiceJet - Flight Booking for Domestic and International, Cheap Air Tickets","SpiceJet, India’s favorite domestic airline, cheap air tickets flight booking to 46 cities across India and international destinations. Experience low cost air travel with the best in-class comfort, fares and baggage allowance.",[],"["D3.js"]",Unknown,news
76,https://www.airnewzealand.co.nz/homepage,[],"Air New Zealand | Flights to more than 260 destinations","Air New Zealand flies to over 260 destinations both domestic and International. Book flights confidently, no matter where you're flying to.",[],"["jQuery", "React", "React", "React", "React", "React", "Bootstrap", "React", "React", "React", "React"]",en,portfolio
77,https://www.finnair.com/,[],"Flight bookings | select country and language | Finnair","Finnair flies the shortcut between Europe and Asia. Start by selecting your country and preferred language and then proceed to booking your flights.",[],[],en,portfolio
78,https://www.britishairways.com/travel/home/public/en_in/,[],Error,,[],[],Unknown,blog
79,https://www.airvistara.com/in/en,[],"ERROR: The request could not be satisfied",,[],[],Unknown,"computer and technology"
80,https://www.olacabs.com/,[],"Book Cabs Nearby at Best Price | Hire Taxi Nearby Online at Olacabs.com","Ola Cabs offers to book cabs nearby your location for best fares. For best taxi service at lowest fares, say Ola!",[],"["jQuery", "Bootstrap"]",en-us,"computer and technology"
81,https://www.meru.in/,"["https://twitter.com/Mahindralog_MLL", "https://www.facebook.com/mahindralogisticsltd/", "https://www.linkedin.com/company/mahindralogistics", "https://www.instagram.com/mahindralogistics"]","Mobility Solutions: People Transportation Solutions | Mahindra Logistics","We offer comprehensive people mobility solutions for individuals and enterprises across major cities in India.",[],"["jQuery", "jQuery", "jQuery", "jQuery", "Webpack", "jQuery"]",en-US,portfolio
82,https://www.carzonrent.com/,"["https://www.facebook.com/carzonrent", "https://www.instagram.com/carzonrentin/?hl=hi", "https://twitter.com/CarzonrentIN", "https://www.linkedin.com/company/carzonrent-india-pvt-ltd"]","Premium Chauffeur Driven Car Rental Services India","Experience the premium travel with India's leading chauffeur-driven car rental service, designed to meet all your business and individual transportation needs.",[],"["jQuery", "Bootstrap", "jQuery", "jQuery", "D3.js"]",en,news
83,https://www.bharattaxi.com/,"["https://twitter.com/taxibharat", "https://www.instagram.com/bharat_taxi/", "https://www.facebook.com/bharattaxi.taxibharat", "https://www.linkedin.com/company/bharattaxi"]","Hire Taxi Service & Cab Booking from India’s Best Car Rental Provider- Bharat Taxi","Bharat Taxi offers 24*7 taxi booking and cab service facility at an affordable fare. Book online taxi service in India, cab for rent, and car rental with driver at best deals.",[],"["jQuery", "Bootstrap"]",en,portfolio
84,https://www.megacabs.com/,"["https://www.instagram.com/mega_cabs/", "https://twitter.com/MegaCabs", "https://www.facebook.com/MegaCabs"]","Mega Cabs",,[],"["Next.js", "Webpack", "Next.js", "Next.js", "Next.js", "Next.js", "Next.js", "Next.js", "React", "Next.js"]",Unknown,"streaming services"
85,http://www.mytaxiindia.com/,"["https://twitter.com/mytaxiindia/", "http://www.facebook.com/pages/My-Taxi-India/151060494928898", "https://www.linkedin.com/company/mytaxiindia-com"]","Outstation Taxi Booking |Online Taxi & Car Rental Service| Mytaxiindia","Online outstation taxi booking |Call 0124-6263626 | Book an outstation taxi in Delhi, Gurgaon, Chandigarh, Pune, Mumbai, Darjeeling & 102 cities of India at lowest fares",[],"["jQuery", "jQuery", "Bootstrap", "Bootstrap", "Bootstrap", "jQuery", "Bootstrap", "Bootstrap", "jQuery"]",Unknown,portfolio
86,https://www.zoomcar.com/bangalore/,[],"
      Best Car Rental with Zoomcar | Explore & Drive Hassle-Free
    ","Zoomcar offers the best car rental options for stress-free travel. Explore our top-quality vehicles and book your ride today.",[],[],en,news
87,https://www.lyft.com/,[],"ERROR: The request could not be satisfied",,[],[],Unknown,"computer and technology"
88,https://www.grab.com/sg/transport/taxi/,"["https://www.facebook.com/Grab", "https://www.instagram.com/grab_sg/", "https://twitter.com/grabsg"]","
        Taxi Booking Services - Mobility Platform | Grab Singapore    ","Book a ride for any occasion and budget with Grab Mobility services. Book door-to-door taxi in Singapore with a click of a button on our Grab Superapp. Book Now",[],"["jQuery", "Webpack", "Webpack", "jQuery", "jQuery"]",en-US,"social networking and messaging"
89,http://www.bitaksi.com/en/,[],"403 Forbidden",,[],[],Unknown,adult
90,https://www.avaseakrabi.com/,"["https://www.facebook.com/avasearesort", "https://www.instagram.com/avasearesort/"]","Ava Sea Resort, Ao Nang, Krabi","Ava Sea Resort, Ao Nang, Krabi - full service hotel, offers spacious, elegantly furnished rooms, situated only a short walk from Ao Nang Beach, near Restaurants and Conveniences ideal for couples and families.",[],"["jQuery", "Bootstrap", "jQuery", "jQuery", "jQuery"]",en,"health and fitness"
91,https://www.fariyas.com/resort-in-lonavala/,"["https://www.facebook.com/FariyasGroup", "https://www.linkedin.com/company/fariyas-hotels-private-limited/", "https://www.youtube.com/user/fariyashotel", "https://www.facebook.com/FariyasHotelMumbai", "https://www.instagram.com/fariyashotelmumbai/?igshid=YmMyMTA2M2Y%3D", "https://www.facebook.com/FariyasResortLonavala/", "https://www.instagram.com/fariyasresortlonavla/"]","Fariyas Resort, Lonavala. Hotel, Restaurant & Wedding Venue","Resort, Hotel, Wedding Venue & Spa in Lonavala-Khandala with Water Theme Park near Mumbai, Pune, Bhushi Dam, Pawna Lake, Railway Station, Wax Museum",[],"["jQuery", "jQuery", "jQuery", "jQuery", "jQuery"]",en-US,portfolio
92,https://www.fernhotels.com/,"["http://twitter.com", "http://www.facebook.com", "http://instagram.com"]","The Fern Hotels & Resorts, India - Official Website for Online Hotel Booking",,[],"["jQuery", "jQuery", "jQuery", "jQuery", "jQuery", "jQuery", "jQuery", "jQuery", "jQuery", "jQuery", "jQuery", "jQuery", "jQuery", "Ember.js", "jQuery", "jQuery", "jQuery", "jQuery", "jQuery", "jQuery", "jQuery", "jQuery", "jQuery", "jQuery"]",en-US,adult
93,https://www.tajhotels.com/,[],"403 Forbidden",,[],[],Unknown,"computer and technology"
94,http://www.visionlearning.com/library/science/chemistry-1/CHE1.7-bonding.htm,[],"No title",,[],[],Unknown,adult
